wifeAge;wifeEduc;husbEduc;nbChild;wifeReligion;wifeWork;husbOccup;standLiv;mediaExp;class
24;2;3;3;islam;no;2;3;0;noUse
45;1;3;10;islam;no;3;4;0;noUse
43;2;3;7;islam;no;3;4;0;noUse
42;3;2;9;islam;no;3;3;0;noUse
36;3;3;8;islam;no;3;2;0;noUse
19;4;4;0;islam;no;3;3;0;noUse
38;2;3;6;islam;no;3;2;0;noUse
21;3;3;1;islam;yes;3;2;0;noUse
27;2;3;3;islam;no;3;4;0;noUse
45;1;1;8;islam;no;2;2;1;noUse
38;1;3;2;islam;yes;3;3;1;noUse
42;1;4;4;islam;no;1;3;0;noUse
44;4;4;1;islam;yes;1;4;0;noUse
42;2;4;1;islam;yes;3;3;0;noUse
38;3;4;2;islam;no;2;3;0;noUse
26;2;4;0;islam;no;4;1;0;noUse
48;1;1;7;islam;no;2;4;0;noUse
39;2;2;6;islam;no;2;4;0;noUse
37;2;2;8;islam;no;2;3;0;noUse
39;2;1;5;islam;no;2;1;1;noUse
26;3;4;1;islam;yes;4;1;0;noUse
24;3;4;0;islam;yes;3;1;0;noUse
46;4;4;1;nonIslam;no;1;4;0;noUse
39;4;4;1;islam;no;1;4;0;noUse
48;4;4;5;islam;no;1;4;0;noUse
40;2;4;8;islam;no;3;3;0;noUse
38;4;4;1;islam;yes;1;4;0;noUse
29;4;4;0;islam;yes;1;4;0;noUse
24;4;4;0;islam;yes;2;2;0;noUse
43;1;2;8;islam;no;2;4;0;noUse
31;3;4;2;islam;no;1;4;0;noUse
31;4;4;2;islam;no;3;2;0;noUse
26;2;4;0;islam;yes;1;2;0;noUse
33;2;2;2;islam;no;3;1;0;noUse
24;2;3;1;islam;no;3;3;0;noUse
42;1;3;9;islam;no;3;2;1;noUse
43;1;2;8;islam;yes;3;1;0;noUse
25;3;3;4;islam;no;3;2;0;noUse
42;2;2;3;islam;no;3;4;0;noUse
28;2;2;1;islam;no;2;4;0;noUse
28;1;1;3;islam;no;3;1;0;noUse
47;2;3;0;islam;yes;1;3;0;noUse
48;2;4;2;islam;no;1;3;0;noUse
40;4;4;2;nonIslam;no;1;4;0;noUse
28;2;2;1;islam;no;3;2;0;noUse
25;1;4;1;islam;no;2;1;0;noUse
32;4;4;2;islam;no;2;3;0;noUse
45;4;4;0;islam;no;2;4;0;noUse
26;4;4;1;islam;no;1;4;0;noUse
26;4;4;0;islam;yes;1;4;0;noUse
31;4;4;0;islam;yes;1;4;0;noUse
49;4;4;7;nonIslam;no;2;4;0;noUse
40;3;4;8;islam;no;3;3;0;noUse
34;4;4;1;nonIslam;yes;2;3;0;noUse
36;2;4;5;islam;no;2;3;0;noUse
20;2;2;2;islam;no;2;2;1;noUse
43;4;4;5;islam;yes;1;4;0;noUse
37;3;4;7;islam;no;2;1;0;noUse
21;2;3;0;islam;no;3;4;0;noUse
49;4;4;6;islam;no;1;2;0;noUse
42;3;3;10;islam;no;3;3;0;noUse
20;2;3;1;islam;no;2;3;0;noUse
47;1;2;2;islam;yes;1;3;0;noUse
22;2;3;1;islam;no;2;1;0;noUse
27;2;4;1;islam;yes;1;3;0;noUse
24;2;4;1;islam;no;3;1;0;noUse
44;4;2;8;islam;no;3;3;0;noUse
30;2;3;3;islam;no;3;1;0;noUse
23;3;4;2;islam;no;3;4;0;noUse
25;4;4;1;islam;yes;3;3;0;noUse
47;2;3;4;islam;no;2;3;0;noUse
48;2;3;8;islam;no;1;4;0;noUse
29;2;3;1;islam;no;1;1;0;noUse
29;2;3;1;islam;no;1;2;0;noUse
21;3;4;0;islam;no;2;3;0;noUse
21;3;4;1;islam;no;2;3;0;noUse
29;4;4;0;islam;yes;2;4;0;noUse
45;3;4;3;islam;no;1;4;0;noUse
33;2;3;2;islam;no;3;2;0;noUse
38;4;4;1;islam;yes;1;4;0;noUse
24;4;4;0;nonIslam;no;1;4;0;noUse
49;4;4;6;nonIslam;yes;1;4;0;noUse
24;2;4;1;islam;yes;4;4;0;noUse
28;4;4;0;nonIslam;yes;1;4;0;noUse
30;4;4;2;islam;no;1;4;0;noUse
33;4;4;2;islam;no;1;4;0;noUse
25;4;4;1;islam;no;1;3;0;noUse
35;4;4;3;nonIslam;no;1;4;0;noUse
27;2;4;4;islam;no;1;4;0;noUse
24;2;2;3;islam;yes;2;1;0;noUse
25;2;3;0;islam;no;2;1;0;noUse
46;2;4;6;islam;no;1;4;0;noUse
26;2;2;3;islam;no;2;1;0;noUse
38;2;2;1;islam;yes;3;2;0;noUse
47;1;2;3;islam;no;1;3;0;noUse
41;1;3;10;islam;no;2;3;1;noUse
41;2;3;1;islam;yes;2;3;0;noUse
28;4;4;5;islam;no;2;1;0;noUse
17;2;2;3;islam;no;3;1;0;noUse
27;2;3;5;islam;no;2;1;0;noUse
27;1;2;4;islam;no;3;1;1;noUse
19;2;3;0;islam;yes;2;2;0;noUse
27;2;4;3;islam;yes;3;2;0;noUse
26;4;3;4;islam;no;2;3;0;noUse
23;2;4;2;islam;no;3;3;0;noUse
40;3;3;3;islam;no;3;2;0;noUse
22;4;4;0;islam;no;1;1;0;noUse
44;3;4;4;islam;yes;1;3;0;noUse
29;2;3;2;islam;no;3;1;0;noUse
26;2;3;3;islam;no;3;1;0;noUse
45;4;4;1;islam;yes;3;3;0;noUse
32;3;3;7;islam;yes;2;3;0;noUse
21;4;4;1;islam;no;1;4;0;noUse
31;2;2;4;islam;no;3;3;0;noUse
21;3;4;0;islam;no;1;3;0;noUse
37;4;4;1;islam;no;1;4;0;noUse
34;4;4;3;nonIslam;yes;3;3;0;noUse
44;3;4;1;islam;no;1;3;0;noUse
49;4;3;5;islam;no;2;3;0;noUse
26;2;3;2;islam;no;3;3;0;noUse
38;1;2;1;islam;no;2;4;1;noUse
36;2;3;5;islam;no;2;3;0;noUse
26;3;4;2;islam;no;3;3;0;noUse
20;2;3;1;nonIslam;no;3;2;0;noUse
44;2;1;3;islam;yes;3;2;0;noUse
31;3;4;2;islam;no;1;2;1;noUse
45;4;4;1;islam;no;1;3;0;noUse
36;2;3;2;islam;no;3;2;1;noUse
43;1;3;2;islam;yes;2;2;1;noUse
25;3;4;0;islam;no;1;3;0;noUse
48;3;4;3;islam;no;3;1;0;noUse
30;4;4;0;nonIslam;yes;1;3;0;noUse
48;1;2;8;islam;no;3;1;0;noUse
28;3;4;1;islam;no;3;1;1;noUse
26;4;4;1;islam;no;1;3;0;noUse
26;3;3;3;islam;yes;2;4;0;noUse
24;4;4;2;islam;no;3;3;0;noUse
21;3;3;2;islam;no;2;2;0;noUse
30;4;4;2;nonIslam;no;3;1;0;noUse
20;4;4;1;islam;no;1;4;0;noUse
33;4;4;2;islam;no;1;3;0;noUse
30;4;4;0;nonIslam;yes;3;3;0;noUse
47;4;4;1;islam;yes;1;3;0;noUse
35;4;4;2;nonIslam;no;3;3;0;noUse
30;2;4;2;islam;no;3;4;0;noUse
33;4;4;3;islam;no;1;4;0;noUse
45;4;4;4;islam;no;2;3;0;noUse
41;4;4;2;islam;no;1;4;0;noUse
32;4;4;1;islam;yes;1;3;0;noUse
43;4;4;5;islam;no;1;4;0;noUse
44;4;4;3;islam;no;2;4;0;noUse
21;1;3;4;islam;no;3;2;0;noUse
44;3;4;2;islam;no;1;4;1;noUse
23;4;4;2;islam;no;2;4;0;noUse
47;1;2;4;islam;no;2;2;0;noUse
47;1;1;7;islam;no;2;3;1;noUse
35;4;4;2;islam;yes;2;4;0;noUse
32;2;4;4;islam;no;3;2;0;noUse
45;1;4;5;islam;no;1;2;1;noUse
22;2;2;2;islam;no;3;1;0;noUse
23;1;1;3;islam;no;2;1;1;noUse
30;4;4;0;islam;yes;1;4;0;noUse
44;1;3;0;islam;no;2;3;0;noUse
40;3;3;1;islam;yes;3;3;0;noUse
34;4;4;4;islam;no;2;3;0;noUse
37;3;4;1;islam;no;2;4;0;noUse
49;3;4;5;islam;no;1;4;0;noUse
26;4;4;1;islam;no;1;4;0;noUse
22;4;4;0;islam;no;2;4;0;noUse
20;3;4;0;islam;yes;2;4;0;noUse
47;4;4;4;islam;no;1;4;0;noUse
49;2;2;8;islam;yes;3;1;0;noUse
22;2;4;1;islam;no;2;4;0;noUse
22;3;3;2;islam;no;3;4;0;noUse
25;3;2;2;islam;no;3;2;0;noUse
32;2;4;0;islam;yes;3;4;0;noUse
28;4;4;0;nonIslam;no;1;3;0;noUse
30;2;4;4;islam;yes;1;4;0;noUse
45;2;4;2;islam;yes;2;4;0;noUse
49;2;1;10;islam;yes;2;4;0;noUse
34;4;4;2;islam;yes;1;4;0;noUse
25;2;4;1;islam;no;2;2;0;noUse
42;1;3;12;islam;no;3;3;0;noUse
48;2;1;3;islam;yes;4;3;0;noUse
35;3;4;5;islam;yes;2;2;0;noUse
33;2;3;1;islam;no;3;4;0;noUse
20;2;4;0;islam;no;3;2;0;noUse
36;2;3;4;islam;no;3;1;1;noUse
19;3;3;2;islam;no;3;2;0;noUse
27;3;2;3;islam;no;3;2;0;noUse
30;1;2;4;islam;no;4;1;0;noUse
31;3;4;3;islam;yes;3;2;0;noUse
44;1;1;11;islam;no;4;1;1;noUse
24;3;3;2;islam;no;3;3;0;noUse
18;3;4;0;islam;yes;3;1;0;noUse
45;1;2;6;islam;no;3;3;1;noUse
25;2;2;3;islam;yes;3;1;0;noUse
36;3;4;6;islam;no;2;4;0;noUse
30;1;1;5;islam;no;2;2;0;noUse
32;2;4;2;islam;no;3;3;0;noUse
42;1;4;11;nonIslam;no;2;2;1;noUse
22;2;4;0;islam;no;3;3;0;noUse
36;2;4;2;islam;yes;2;4;0;noUse
27;2;3;2;islam;no;3;3;0;noUse
40;3;4;1;islam;no;1;2;0;noUse
22;2;3;2;islam;no;3;1;0;noUse
26;2;4;0;islam;no;3;1;0;noUse
31;3;4;0;islam;yes;2;3;0;noUse
32;4;4;1;islam;no;1;4;0;noUse
34;2;3;3;islam;yes;3;2;0;noUse
40;3;3;1;nonIslam;no;3;4;0;noUse
45;1;2;1;islam;yes;3;3;0;noUse
26;3;4;3;islam;no;3;2;0;noUse
48;1;3;5;islam;no;3;2;0;noUse
43;1;3;8;islam;no;3;1;0;noUse
27;3;4;2;islam;yes;2;2;0;noUse
42;3;2;1;islam;no;3;3;0;noUse
34;3;2;8;islam;yes;2;3;1;noUse
32;3;2;4;islam;no;2;2;1;noUse
31;3;3;2;islam;yes;2;3;0;noUse
22;2;3;1;islam;no;3;3;0;noUse
27;3;4;0;islam;no;3;3;0;noUse
37;1;2;2;islam;no;2;2;1;noUse
22;1;2;0;islam;no;2;4;0;noUse
47;4;4;4;islam;no;1;4;0;noUse
32;4;4;4;islam;yes;1;3;0;noUse
37;3;3;2;islam;no;1;4;0;noUse
45;1;3;1;islam;no;2;3;1;noUse
47;1;4;8;islam;no;3;3;0;noUse
28;3;4;0;islam;no;3;2;0;noUse
48;1;3;4;islam;no;3;4;1;noUse
26;2;4;1;islam;no;1;3;0;noUse
21;3;4;0;islam;yes;3;1;0;noUse
20;2;3;1;islam;no;2;4;0;noUse
39;1;1;5;islam;yes;3;1;1;noUse
27;2;3;1;islam;yes;3;4;0;noUse
37;2;3;5;islam;yes;3;2;0;noUse
24;4;4;1;islam;no;3;3;0;noUse
39;3;3;6;islam;no;3;3;0;noUse
20;3;3;1;islam;no;2;3;0;noUse
19;3;4;1;islam;no;2;3;0;noUse
40;3;3;4;islam;no;2;2;0;noUse
41;1;4;4;islam;no;3;3;0;noUse
22;4;4;2;islam;no;1;3;0;noUse
32;3;4;4;islam;no;1;4;0;noUse
34;4;4;2;nonIslam;no;1;4;0;noUse
34;4;4;2;islam;yes;1;3;0;noUse
23;4;4;2;islam;no;1;4;0;noUse
27;4;4;1;islam;no;1;2;0;noUse
46;3;2;11;islam;yes;2;2;1;noUse
34;4;4;3;nonIslam;no;1;2;0;noUse
33;4;4;5;islam;no;3;3;0;noUse
25;3;3;1;islam;no;3;2;0;noUse
26;4;4;1;islam;yes;1;4;0;noUse
48;1;3;4;islam;no;3;3;1;noUse
36;4;4;2;islam;no;3;3;0;noUse
38;3;4;2;nonIslam;no;2;4;0;noUse
44;1;2;7;islam;no;3;4;0;noUse
44;2;2;1;islam;yes;3;2;0;noUse
39;3;3;1;nonIslam;no;3;4;0;noUse
47;1;2;7;islam;yes;3;2;0;noUse
43;1;3;5;islam;yes;3;2;0;noUse
29;3;3;3;islam;yes;2;4;0;noUse
22;3;3;0;islam;no;2;2;0;noUse
31;2;4;5;islam;no;3;2;0;noUse
22;4;4;0;islam;no;1;3;0;noUse
45;3;4;6;islam;no;2;4;0;noUse
42;3;4;10;islam;yes;3;2;0;noUse
38;3;3;7;islam;no;3;1;0;noUse
47;1;1;6;islam;yes;3;1;0;noUse
30;4;4;2;islam;no;1;4;0;noUse
28;3;4;1;islam;no;3;4;0;noUse
25;3;4;1;islam;no;2;1;0;noUse
49;2;4;6;nonIslam;no;2;3;0;noUse
23;3;4;2;islam;yes;2;3;0;noUse
35;3;4;1;nonIslam;no;2;3;0;noUse
47;2;1;5;nonIslam;no;2;4;0;noUse
35;2;3;0;islam;no;2;4;0;noUse
44;3;4;6;islam;no;3;4;0;noUse
48;4;4;3;islam;no;2;4;0;noUse
43;2;3;6;islam;yes;3;3;0;noUse
21;2;4;2;islam;no;3;1;0;noUse
22;4;4;0;islam;no;1;4;0;noUse
41;3;3;5;islam;no;3;4;0;noUse
29;2;4;2;islam;yes;4;4;1;noUse
44;4;4;5;nonIslam;no;2;4;0;noUse
22;4;4;0;islam;yes;1;4;0;noUse
23;2;4;4;islam;no;3;3;0;noUse
22;2;1;0;islam;no;3;2;0;noUse
35;1;3;0;islam;no;2;2;1;noUse
24;4;4;1;islam;no;2;2;0;noUse
36;4;4;4;islam;no;1;4;0;noUse
47;1;2;2;islam;no;2;4;0;noUse
40;4;4;3;islam;no;3;4;0;noUse
29;4;4;1;islam;no;1;3;0;noUse
49;3;4;6;islam;no;1;4;0;noUse
49;3;4;9;islam;no;1;4;0;noUse
47;4;4;2;islam;no;1;4;0;noUse
28;4;4;3;nonIslam;no;1;4;0;noUse
26;4;4;1;islam;no;1;4;0;noUse
29;1;2;7;islam;no;2;4;0;noUse
29;4;2;0;islam;yes;2;2;0;noUse
25;3;3;1;islam;no;3;4;0;noUse
24;2;4;2;islam;no;3;4;0;noUse
23;4;4;1;islam;yes;2;4;0;noUse
23;4;4;2;islam;yes;3;3;0;noUse
44;1;2;2;islam;no;2;4;0;noUse
39;3;4;6;islam;no;1;4;0;noUse
21;3;3;0;islam;no;2;2;0;noUse
22;3;4;2;islam;no;2;3;0;noUse
47;3;4;3;islam;no;2;3;0;noUse
36;3;3;2;islam;yes;2;4;0;noUse
25;1;4;2;islam;yes;3;3;1;noUse
40;4;4;2;islam;no;3;4;0;noUse
36;2;2;0;nonIslam;yes;3;3;0;noUse
37;2;3;5;nonIslam;yes;2;4;0;noUse
28;1;4;2;islam;yes;2;3;0;noUse
30;3;3;5;islam;yes;3;4;0;noUse
16;3;4;1;islam;no;3;3;0;noUse
32;2;3;4;nonIslam;no;2;4;0;noUse
40;4;4;3;nonIslam;no;3;4;0;noUse
40;1;1;2;islam;yes;3;4;0;noUse
45;3;4;2;nonIslam;no;1;4;0;noUse
21;1;3;0;islam;yes;3;4;1;noUse
28;4;4;1;nonIslam;no;1;3;0;noUse
25;4;4;1;nonIslam;no;2;3;0;noUse
44;1;3;4;islam;no;3;3;1;noUse
35;4;4;2;nonIslam;no;3;4;0;noUse
49;4;4;4;islam;no;3;4;0;noUse
39;3;4;1;nonIslam;no;3;4;0;noUse
32;3;4;1;nonIslam;no;2;4;0;noUse
35;1;2;0;islam;yes;4;4;0;noUse
21;1;2;1;islam;yes;3;4;0;noUse
47;4;4;1;nonIslam;no;1;4;0;noUse
27;4;4;1;nonIslam;no;3;4;0;noUse
31;2;2;8;islam;no;2;2;1;noUse
34;4;3;0;nonIslam;yes;3;3;0;noUse
30;4;4;3;islam;yes;2;4;0;noUse
25;4;4;0;islam;yes;2;4;0;noUse
28;3;4;3;islam;no;2;1;0;noUse
30;2;3;4;islam;yes;3;2;0;noUse
42;3;3;8;islam;no;4;3;0;noUse
23;4;4;0;nonIslam;no;2;4;0;noUse
45;3;4;3;nonIslam;no;3;4;0;noUse
21;4;4;1;islam;no;3;3;0;noUse
28;4;4;1;nonIslam;no;2;4;0;noUse
33;4;4;1;nonIslam;yes;3;4;0;noUse
32;1;2;4;islam;no;3;2;1;noUse
25;2;2;3;islam;no;3;3;0;noUse
25;3;3;1;islam;no;3;1;0;noUse
19;2;2;2;islam;no;3;1;0;noUse
40;1;2;6;islam;no;3;1;1;noUse
24;2;2;2;islam;no;3;1;1;noUse
32;2;2;1;islam;no;2;1;0;noUse
35;2;3;8;islam;no;3;2;0;noUse
27;2;2;1;islam;yes;3;2;1;noUse
23;2;4;2;islam;no;1;4;0;noUse
22;2;4;4;islam;no;3;4;0;noUse
49;2;3;0;islam;no;1;2;0;noUse
25;2;3;0;islam;no;2;4;0;noUse
18;3;4;1;islam;no;3;1;0;noUse
43;3;3;4;islam;no;2;4;0;noUse
37;1;3;0;islam;no;3;4;0;noUse
30;2;3;2;islam;yes;2;4;0;noUse
29;3;2;0;islam;no;2;2;0;noUse
20;2;3;3;islam;no;3;4;0;noUse
42;3;3;3;islam;yes;2;4;0;noUse
23;4;4;1;islam;no;2;3;0;noUse
34;2;3;7;islam;yes;3;3;0;noUse
23;3;3;6;islam;no;3;3;0;noUse
38;3;3;5;islam;no;1;4;0;noUse
37;2;3;4;islam;no;2;3;0;noUse
17;2;3;1;islam;no;3;2;0;noUse
39;3;4;3;islam;no;1;4;0;noUse
49;1;3;0;islam;no;3;3;1;noUse
23;3;3;2;islam;no;2;2;0;noUse
40;3;3;3;islam;no;2;2;1;noUse
32;2;4;5;islam;no;2;3;0;noUse
18;2;3;1;islam;no;2;3;0;noUse
46;1;2;8;islam;no;3;3;1;noUse
37;3;3;6;islam;no;2;2;0;noUse
38;2;4;5;nonIslam;no;2;2;0;noUse
37;2;3;2;nonIslam;yes;3;3;0;noUse
25;2;3;1;islam;yes;2;1;0;noUse
38;2;4;5;islam;no;3;3;0;noUse
39;4;4;2;islam;yes;1;4;0;noUse
44;4;4;3;islam;yes;1;4;1;noUse
19;4;4;0;nonIslam;no;3;4;0;noUse
28;2;4;1;islam;yes;3;4;0;noUse
20;2;3;1;islam;no;3;4;0;noUse
33;4;4;0;islam;yes;3;3;0;noUse
33;4;4;5;islam;no;3;4;0;noUse
47;1;4;6;islam;no;1;4;0;noUse
25;3;3;0;islam;no;3;4;0;noUse
29;4;4;0;islam;yes;2;4;0;noUse
37;4;4;2;nonIslam;no;1;4;0;noUse
49;1;3;6;islam;no;2;4;0;noUse
48;1;1;8;islam;yes;2;2;1;noUse
19;2;2;0;islam;no;2;2;0;noUse
46;1;2;3;islam;no;2;1;1;noUse
39;1;2;2;islam;no;3;1;1;noUse
30;3;4;5;islam;no;1;4;0;noUse
40;2;2;8;islam;no;2;2;0;noUse
43;1;2;1;islam;no;3;4;1;noUse
29;3;4;4;islam;yes;1;3;0;noUse
23;3;3;2;islam;no;3;3;0;noUse
24;2;2;3;islam;no;2;4;0;noUse
47;3;3;2;islam;no;2;4;0;noUse
35;3;3;2;islam;yes;2;2;0;noUse
19;3;3;1;islam;no;2;4;0;noUse
45;2;3;4;islam;yes;2;4;0;noUse
42;2;4;2;islam;no;3;4;0;noUse
47;1;1;1;islam;no;3;4;0;noUse
25;2;2;2;islam;no;3;1;0;noUse
20;2;3;3;islam;no;3;4;0;noUse
33;3;3;6;islam;no;3;4;0;longTerm
46;4;3;5;islam;no;1;4;0;longTerm
35;4;4;4;islam;no;1;4;0;longTerm
26;4;4;2;islam;yes;1;4;0;longTerm
36;3;3;5;islam;yes;1;3;0;longTerm
37;3;4;3;islam;no;1;3;0;longTerm
44;2;4;4;islam;no;3;3;0;longTerm
32;4;4;2;islam;no;1;4;0;longTerm
25;2;4;6;islam;no;3;4;0;longTerm
42;2;3;7;islam;no;3;4;0;longTerm
30;4;4;2;nonIslam;yes;1;4;0;longTerm
39;4;4;4;islam;no;1;4;0;longTerm
26;1;1;2;islam;no;3;4;0;longTerm
30;2;4;3;islam;no;3;4;0;longTerm
38;4;4;4;nonIslam;yes;1;2;0;longTerm
23;4;4;1;islam;no;1;2;0;longTerm
18;3;4;1;islam;no;3;4;0;longTerm
25;3;4;3;islam;no;2;3;0;longTerm
37;4;4;2;islam;yes;3;3;0;longTerm
20;3;4;1;islam;no;3;2;0;longTerm
45;4;4;7;islam;no;1;4;0;longTerm
28;2;1;2;islam;yes;3;3;0;longTerm
33;2;2;3;islam;no;2;3;0;longTerm
28;2;3;2;islam;no;3;3;0;longTerm
30;2;4;1;islam;yes;3;4;0;longTerm
32;4;4;4;islam;no;2;4;0;longTerm
48;4;3;7;islam;yes;2;4;0;longTerm
46;4;4;2;islam;yes;1;4;0;longTerm
32;4;4;2;nonIslam;yes;1;4;0;longTerm
49;4;4;10;islam;no;1;4;0;longTerm
33;2;2;6;islam;yes;3;4;0;longTerm
39;4;4;3;islam;no;1;4;0;longTerm
35;4;4;5;nonIslam;yes;1;4;0;longTerm
36;4;4;3;nonIslam;no;1;3;0;longTerm
20;3;4;1;islam;no;2;4;0;longTerm
23;4;4;1;islam;no;3;4;0;longTerm
26;2;4;2;islam;no;1;3;0;longTerm
25;3;3;1;islam;no;3;1;0;longTerm
31;4;4;1;islam;no;1;4;0;longTerm
36;4;4;2;islam;no;2;4;0;longTerm
32;3;3;2;islam;yes;3;4;0;longTerm
36;4;4;3;islam;no;1;4;0;longTerm
40;4;4;3;islam;no;1;4;0;longTerm
46;4;4;4;islam;no;1;4;0;longTerm
42;4;4;8;nonIslam;no;1;4;0;longTerm
39;4;4;4;islam;yes;1;4;0;longTerm
34;4;4;2;islam;no;1;4;0;longTerm
36;4;4;3;islam;no;1;4;0;longTerm
37;4;4;3;islam;no;1;4;0;longTerm
36;4;4;4;nonIslam;no;1;4;0;longTerm
38;4;4;2;islam;no;1;4;0;longTerm
27;3;3;1;nonIslam;yes;2;4;0;longTerm
37;4;3;8;islam;no;1;4;0;longTerm
24;1;4;1;islam;yes;4;2;1;longTerm
42;2;4;8;islam;no;1;4;0;longTerm
31;4;4;3;nonIslam;yes;4;4;0;longTerm
34;2;3;2;islam;no;3;3;0;longTerm
34;4;4;4;islam;no;3;3;0;longTerm
36;4;4;4;nonIslam;yes;1;4;0;longTerm
47;4;4;8;islam;no;1;4;0;longTerm
34;4;4;3;islam;no;1;4;0;longTerm
44;4;4;6;nonIslam;no;1;3;0;longTerm
21;4;4;1;islam;no;1;4;0;longTerm
42;4;4;6;islam;no;1;3;0;longTerm
44;4;4;4;islam;yes;2;3;0;longTerm
19;4;4;1;islam;no;2;3;0;longTerm
35;1;3;7;islam;yes;2;3;1;longTerm
24;4;4;1;islam;no;3;2;0;longTerm
32;3;4;7;nonIslam;no;1;3;0;longTerm
31;3;3;2;islam;yes;3;3;0;longTerm
47;3;4;11;islam;yes;2;3;0;longTerm
38;4;4;6;islam;yes;3;3;0;longTerm
40;4;4;4;islam;no;1;3;0;longTerm
35;3;3;4;islam;no;3;2;0;longTerm
26;3;4;3;islam;no;3;4;0;longTerm
23;4;3;3;islam;no;3;3;0;longTerm
40;4;4;6;nonIslam;yes;1;4;0;longTerm
37;4;4;3;islam;no;1;4;0;longTerm
39;4;4;5;islam;no;2;4;0;longTerm
25;4;4;2;islam;no;2;4;0;longTerm
48;4;4;4;nonIslam;no;1;4;0;longTerm
31;4;4;3;islam;no;1;4;0;longTerm
26;4;4;1;nonIslam;no;2;4;0;longTerm
44;4;4;5;islam;yes;1;4;0;longTerm
29;4;4;1;islam;yes;2;4;0;longTerm
36;2;1;6;islam;no;2;1;0;longTerm
29;4;4;2;islam;yes;1;3;0;longTerm
37;2;3;7;islam;no;3;4;0;longTerm
28;3;3;3;islam;no;1;2;0;longTerm
40;2;3;6;islam;no;1;2;0;longTerm
33;4;4;4;islam;no;1;4;0;longTerm
22;4;4;1;islam;no;1;2;0;longTerm
35;3;4;5;islam;yes;1;3;1;longTerm
32;4;4;3;nonIslam;no;3;3;0;longTerm
35;4;4;5;islam;yes;1;3;0;longTerm
29;4;4;2;islam;no;1;4;0;longTerm
23;3;3;2;islam;yes;3;4;0;longTerm
35;4;4;2;islam;yes;1;4;0;longTerm
36;4;4;3;islam;yes;2;4;0;longTerm
32;4;4;2;islam;yes;1;4;0;longTerm
30;4;1;4;islam;no;3;3;0;longTerm
36;4;4;4;nonIslam;no;2;4;0;longTerm
33;4;4;3;islam;no;3;4;0;longTerm
33;3;4;5;nonIslam;no;3;3;0;longTerm
43;2;4;13;islam;no;2;3;0;longTerm
35;3;3;6;islam;no;2;3;0;longTerm
38;4;4;5;islam;no;1;3;0;longTerm
25;3;1;4;islam;no;3;1;0;longTerm
26;3;3;2;islam;no;3;2;0;longTerm
24;4;4;1;islam;no;3;4;0;longTerm
22;3;4;1;islam;no;4;4;0;longTerm
33;2;3;5;islam;yes;2;1;0;longTerm
45;3;3;7;islam;no;3;4;0;longTerm
29;4;4;2;islam;yes;1;3;0;longTerm
47;2;2;7;islam;no;2;4;0;longTerm
36;3;2;6;islam;no;3;2;0;longTerm
45;3;3;8;islam;no;2;3;0;longTerm
47;4;4;6;islam;yes;1;4;0;longTerm
43;3;4;2;islam;yes;2;4;0;longTerm
44;4;4;7;islam;no;3;2;0;longTerm
24;2;4;2;islam;no;3;3;0;longTerm
28;4;4;2;islam;yes;1;3;0;longTerm
34;4;4;5;islam;no;3;4;0;longTerm
31;3;4;4;islam;no;1;3;0;longTerm
27;4;4;3;islam;no;1;4;0;longTerm
27;3;3;1;islam;yes;3;4;0;longTerm
26;4;4;1;islam;yes;1;3;0;longTerm
36;3;4;7;islam;no;2;2;0;longTerm
35;4;4;4;nonIslam;no;3;3;0;longTerm
38;4;4;6;islam;no;3;3;0;longTerm
44;4;4;7;islam;no;2;4;0;longTerm
25;4;4;1;islam;no;1;4;0;longTerm
25;4;4;2;nonIslam;no;1;3;0;longTerm
41;4;4;4;islam;no;1;4;0;longTerm
41;3;4;5;islam;no;1;3;0;longTerm
24;4;4;1;islam;yes;1;4;0;longTerm
33;4;4;3;islam;no;3;3;0;longTerm
29;4;4;3;islam;yes;3;3;0;longTerm
47;4;4;4;islam;yes;1;4;0;longTerm
28;4;4;4;islam;no;1;3;0;longTerm
21;2;2;1;islam;no;3;2;0;longTerm
32;3;3;6;islam;yes;3;3;0;longTerm
30;3;4;2;islam;no;1;4;0;longTerm
37;4;4;5;islam;no;3;4;0;longTerm
29;4;3;4;islam;yes;3;2;0;longTerm
38;4;4;3;islam;yes;1;4;0;longTerm
49;3;3;11;islam;no;1;4;0;longTerm
41;3;3;5;islam;no;1;4;0;longTerm
43;3;4;5;islam;no;3;2;1;longTerm
47;1;1;10;islam;no;3;3;0;longTerm
22;4;4;1;islam;no;1;3;0;longTerm
27;4;4;1;nonIslam;yes;1;4;0;longTerm
34;3;4;2;nonIslam;no;2;3;0;longTerm
42;3;3;4;islam;no;2;4;0;longTerm
39;4;4;3;nonIslam;yes;1;4;0;longTerm
36;4;4;3;nonIslam;no;2;4;0;longTerm
21;4;4;1;islam;no;2;1;0;longTerm
36;3;4;4;nonIslam;yes;2;4;0;longTerm
25;2;3;1;islam;yes;4;4;0;longTerm
41;4;4;4;nonIslam;yes;2;4;0;longTerm
32;4;4;4;nonIslam;yes;2;4;0;longTerm
41;4;4;4;nonIslam;yes;2;4;0;longTerm
43;4;4;3;nonIslam;no;1;4;0;longTerm
35;4;4;3;islam;no;2;3;0;longTerm
24;4;4;2;islam;yes;1;3;0;longTerm
43;4;4;6;islam;no;1;4;0;longTerm
48;4;4;7;nonIslam;no;1;4;0;longTerm
28;4;4;2;islam;no;1;3;0;longTerm
24;4;4;1;islam;no;1;4;0;longTerm
42;4;4;3;islam;yes;1;4;0;longTerm
39;4;4;3;islam;no;1;4;0;longTerm
24;4;4;1;islam;no;1;4;0;longTerm
33;4;3;5;islam;no;2;4;0;longTerm
29;4;4;2;islam;no;3;4;0;longTerm
44;4;4;5;islam;no;1;4;0;longTerm
17;4;4;1;islam;no;2;4;0;longTerm
35;3;4;3;islam;no;2;2;0;longTerm
32;3;4;5;islam;no;1;2;0;longTerm
27;4;4;2;islam;yes;1;3;0;longTerm
44;4;4;4;islam;no;1;4;0;longTerm
42;4;4;5;islam;no;1;4;0;longTerm
40;4;4;6;islam;no;1;3;0;longTerm
44;4;4;3;islam;no;1;4;0;longTerm
33;4;4;5;islam;no;2;4;0;longTerm
35;2;4;3;nonIslam;yes;3;4;1;longTerm
31;4;2;2;nonIslam;no;1;3;0;longTerm
37;4;4;3;nonIslam;no;3;4;0;longTerm
45;4;4;3;nonIslam;no;2;4;0;longTerm
26;4;4;2;nonIslam;no;1;4;0;longTerm
40;3;4;2;nonIslam;no;3;4;0;longTerm
30;4;4;1;nonIslam;no;2;4;0;longTerm
36;3;4;3;nonIslam;yes;3;4;0;longTerm
33;3;4;3;nonIslam;no;2;4;0;longTerm
41;4;4;5;nonIslam;no;2;4;0;longTerm
45;3;3;6;nonIslam;no;2;4;0;longTerm
48;4;4;6;nonIslam;no;2;4;0;longTerm
35;4;4;3;nonIslam;yes;3;4;0;longTerm
37;4;4;4;nonIslam;yes;2;4;0;longTerm
46;4;4;3;nonIslam;yes;1;4;0;longTerm
38;4;4;4;nonIslam;no;3;4;0;longTerm
30;3;4;7;islam;no;2;4;0;longTerm
42;4;3;7;islam;yes;1;4;0;longTerm
35;2;2;6;islam;no;3;4;0;longTerm
34;4;4;6;islam;no;3;4;0;longTerm
37;4;4;4;islam;no;1;4;0;longTerm
38;4;4;6;islam;no;1;4;0;longTerm
30;3;3;2;islam;no;2;3;0;longTerm
46;4;4;4;islam;no;1;4;0;longTerm
31;4;4;3;nonIslam;no;2;4;0;longTerm
41;4;4;6;nonIslam;no;1;4;0;longTerm
41;4;4;7;islam;no;2;4;0;longTerm
32;4;4;2;nonIslam;yes;2;4;0;longTerm
44;4;4;4;islam;no;1;4;0;longTerm
39;4;4;4;nonIslam;no;1;4;0;longTerm
39;4;4;5;islam;no;1;4;0;longTerm
45;4;4;4;islam;no;1;4;0;longTerm
33;4;4;3;islam;no;1;4;0;longTerm
39;4;4;3;nonIslam;no;1;4;0;longTerm
44;4;4;3;islam;yes;1;4;0;longTerm
34;3;3;6;islam;no;3;4;0;longTerm
33;3;3;5;islam;no;3;4;0;longTerm
34;2;2;8;islam;no;2;2;0;longTerm
27;3;2;5;islam;no;2;4;0;longTerm
47;1;1;8;islam;no;3;4;1;longTerm
25;2;4;3;islam;no;1;4;1;longTerm
24;3;4;5;islam;no;1;2;1;longTerm
41;4;4;4;islam;yes;1;4;0;longTerm
29;3;3;4;islam;no;3;4;0;shortTerm
27;2;2;5;islam;no;3;1;0;shortTerm
40;3;4;5;islam;no;1;2;0;shortTerm
30;2;2;6;islam;no;3;1;0;shortTerm
24;4;4;1;islam;yes;1;4;0;shortTerm
36;4;4;2;islam;yes;1;4;0;shortTerm
17;2;2;1;islam;no;3;2;0;shortTerm
28;1;2;4;islam;no;2;3;0;shortTerm
27;2;4;1;islam;no;1;4;0;shortTerm
21;3;3;1;islam;no;3;3;0;shortTerm
30;2;2;4;islam;no;2;4;0;shortTerm
48;4;4;16;islam;no;1;4;0;shortTerm
29;2;4;3;islam;yes;3;3;0;shortTerm
29;4;4;2;islam;no;3;4;0;shortTerm
20;3;4;2;islam;no;1;3;0;shortTerm
28;4;4;1;islam;no;3;2;0;shortTerm
32;2;3;5;islam;yes;2;3;0;shortTerm
27;3;3;1;islam;yes;3;3;0;shortTerm
25;2;3;1;islam;no;3;1;0;shortTerm
43;4;4;3;islam;no;1;4;0;shortTerm
35;4;4;2;islam;no;2;4;0;shortTerm
30;4;4;1;islam;no;1;4;0;shortTerm
29;1;4;3;islam;no;4;4;1;shortTerm
33;3;4;8;islam;no;3;4;0;shortTerm
37;3;4;5;islam;yes;2;4;0;shortTerm
27;2;4;3;islam;no;4;4;0;shortTerm
33;2;4;3;islam;no;2;4;0;shortTerm
35;2;3;6;islam;yes;3;3;0;shortTerm
20;3;3;2;islam;no;2;4;0;shortTerm
26;2;4;3;islam;no;3;4;0;shortTerm
24;3;3;2;islam;no;3;3;0;shortTerm
45;1;3;3;islam;no;3;2;0;shortTerm
34;3;4;4;islam;no;1;3;0;shortTerm
49;4;3;13;islam;no;1;4;0;shortTerm
33;4;4;5;islam;no;1;4;0;shortTerm
33;3;3;8;islam;no;3;4;0;shortTerm
24;3;4;3;islam;no;1;4;0;shortTerm
30;2;2;4;islam;no;2;1;0;shortTerm
27;2;4;4;islam;no;2;1;0;shortTerm
23;4;3;1;islam;no;2;2;0;shortTerm
35;4;4;4;islam;no;1;4;0;shortTerm
35;4;4;1;nonIslam;no;1;4;0;shortTerm
40;4;4;2;nonIslam;yes;1;4;0;shortTerm
29;3;3;1;islam;no;3;3;0;shortTerm
33;3;3;3;islam;no;3;3;0;shortTerm
36;4;4;6;nonIslam;no;1;2;1;shortTerm
36;4;4;4;nonIslam;no;1;4;0;shortTerm
41;4;4;1;islam;no;3;3;0;shortTerm
38;3;4;3;islam;no;3;2;0;shortTerm
29;2;4;3;islam;no;3;3;0;shortTerm
19;4;4;1;islam;no;1;3;0;shortTerm
34;2;3;2;islam;no;2;3;0;shortTerm
26;2;4;3;islam;no;3;4;0;shortTerm
22;4;4;1;islam;no;2;3;0;shortTerm
42;4;4;7;islam;no;2;4;0;shortTerm
27;3;4;2;islam;no;3;2;0;shortTerm
27;4;4;2;islam;no;1;4;0;shortTerm
39;4;3;1;islam;yes;2;2;0;shortTerm
21;4;4;1;islam;no;3;1;0;shortTerm
36;2;3;7;islam;no;3;3;0;shortTerm
29;1;2;5;islam;yes;1;2;0;shortTerm
29;2;3;4;islam;no;2;1;0;shortTerm
22;3;2;2;islam;no;2;1;0;shortTerm
20;2;3;1;islam;no;2;1;0;shortTerm
33;3;4;4;islam;yes;2;4;0;shortTerm
27;3;3;3;islam;no;2;3;0;shortTerm
25;4;4;3;islam;no;1;4;0;shortTerm
25;4;3;2;islam;no;3;3;0;shortTerm
32;2;3;4;islam;no;3;2;0;shortTerm
39;3;4;2;islam;no;1;3;0;shortTerm
31;3;3;3;islam;no;2;1;1;shortTerm
26;4;4;4;islam;no;3;4;0;shortTerm
30;3;3;7;islam;no;3;4;0;shortTerm
43;3;3;5;islam;yes;3;3;0;shortTerm
34;2;4;4;islam;no;3;3;0;shortTerm
43;4;4;3;islam;no;1;4;0;shortTerm
32;4;4;3;nonIslam;no;1;4;0;shortTerm
41;4;4;5;islam;no;1;4;0;shortTerm
32;4;4;3;nonIslam;no;1;4;0;shortTerm
46;4;4;4;islam;no;1;4;0;shortTerm
40;3;4;3;islam;yes;1;4;0;shortTerm
21;4;4;1;islam;no;2;3;0;shortTerm
32;4;4;3;islam;no;1;4;0;shortTerm
25;4;4;1;nonIslam;no;3;3;0;shortTerm
24;4;4;1;islam;no;1;3;0;shortTerm
21;2;3;1;islam;yes;3;2;0;shortTerm
22;4;4;1;islam;no;3;3;0;shortTerm
32;4;4;4;islam;no;1;3;0;shortTerm
30;4;4;2;islam;yes;2;2;0;shortTerm
25;1;2;2;islam;no;2;1;0;shortTerm
31;3;3;6;nonIslam;no;3;1;0;shortTerm
19;2;4;1;islam;no;2;3;0;shortTerm
33;2;2;7;islam;yes;2;3;0;shortTerm
24;2;2;2;islam;no;3;4;0;shortTerm
19;3;3;3;islam;no;2;3;0;shortTerm
27;2;2;5;islam;no;3;3;0;shortTerm
32;4;4;2;nonIslam;yes;1;4;0;shortTerm
32;4;4;2;islam;yes;1;3;0;shortTerm
29;1;3;5;islam;no;3;3;0;shortTerm
23;3;4;1;islam;no;2;3;0;shortTerm
34;2;4;7;islam;no;2;3;0;shortTerm
27;2;4;1;islam;no;3;3;0;shortTerm
37;4;4;4;islam;no;3;2;0;shortTerm
26;3;4;4;islam;no;2;3;0;shortTerm
31;2;3;7;islam;no;3;3;0;shortTerm
44;4;4;11;islam;no;1;4;0;shortTerm
35;3;4;4;islam;no;1;4;0;shortTerm
23;4;4;2;islam;no;3;4;0;shortTerm
24;2;4;2;islam;no;1;4;0;shortTerm
24;4;4;2;islam;no;1;4;0;shortTerm
39;4;4;3;islam;no;2;4;0;shortTerm
33;3;4;4;islam;no;3;3;0;shortTerm
24;2;3;2;islam;no;2;1;0;shortTerm
35;4;4;4;islam;no;1;4;0;shortTerm
35;4;4;6;islam;no;1;4;0;shortTerm
34;4;4;2;islam;no;3;3;0;shortTerm
48;3;4;3;islam;no;2;3;0;shortTerm
28;4;4;1;islam;no;1;3;0;shortTerm
26;4;4;1;islam;no;3;3;0;shortTerm
43;3;3;8;islam;no;1;3;0;shortTerm
28;2;2;5;islam;yes;2;4;0;shortTerm
22;3;4;3;islam;no;2;3;0;shortTerm
26;3;3;3;islam;no;3;3;0;shortTerm
30;3;4;4;islam;no;3;3;0;shortTerm
38;4;4;5;islam;no;2;3;0;shortTerm
44;4;4;8;islam;no;2;4;0;shortTerm
25;4;4;1;nonIslam;no;1;4;0;shortTerm
34;4;4;3;islam;no;1;4;0;shortTerm
26;4;4;3;islam;no;3;4;0;shortTerm
20;4;4;2;islam;no;1;3;0;shortTerm
39;4;4;2;nonIslam;no;1;3;0;shortTerm
27;3;4;4;islam;no;3;3;0;shortTerm
32;4;4;2;islam;yes;3;4;0;shortTerm
48;3;4;8;islam;yes;1;4;0;shortTerm
39;4;3;4;islam;no;3;4;0;shortTerm
37;4;4;3;islam;yes;1;4;0;shortTerm
33;4;4;2;nonIslam;yes;1;3;0;shortTerm
32;4;4;3;islam;yes;1;4;0;shortTerm
25;4;4;2;islam;no;1;3;0;shortTerm
37;4;4;3;islam;no;2;4;0;shortTerm
40;4;4;4;islam;no;1;4;0;shortTerm
38;4;4;6;islam;no;2;4;0;shortTerm
36;4;4;4;islam;no;1;4;0;shortTerm
27;3;3;3;islam;no;2;2;0;shortTerm
22;1;3;2;islam;no;3;1;0;shortTerm
22;2;2;2;islam;no;2;3;0;shortTerm
30;3;4;3;islam;no;2;3;0;shortTerm
20;2;2;2;islam;no;3;2;1;shortTerm
34;4;4;2;islam;no;1;4;0;shortTerm
31;3;4;5;islam;no;3;1;0;shortTerm
30;3;3;3;islam;yes;3;2;0;shortTerm
44;3;4;5;islam;yes;1;4;0;shortTerm
24;3;3;3;islam;yes;2;1;0;shortTerm
19;4;4;2;islam;no;1;4;0;shortTerm
28;4;4;5;islam;no;2;4;0;shortTerm
27;4;4;1;nonIslam;yes;1;3;0;shortTerm
29;3;3;3;islam;no;2;1;0;shortTerm
37;4;4;3;islam;no;2;4;0;shortTerm
32;2;2;8;islam;no;2;1;0;shortTerm
21;2;2;1;islam;no;4;3;0;shortTerm
33;2;3;7;islam;yes;3;1;0;shortTerm
23;2;3;2;islam;no;3;1;0;shortTerm
36;2;2;5;islam;no;3;4;0;shortTerm
33;2;4;3;islam;no;3;4;0;shortTerm
35;4;4;2;islam;yes;1;4;0;shortTerm
25;2;3;4;islam;no;3;3;0;shortTerm
29;2;4;4;islam;yes;2;4;0;shortTerm
23;3;3;1;islam;no;2;2;0;shortTerm
19;3;3;1;islam;no;2;1;0;shortTerm
35;1;2;6;islam;no;2;2;1;shortTerm
25;3;3;3;islam;no;3;2;0;shortTerm
40;3;4;6;islam;no;1;3;0;shortTerm
17;3;4;1;islam;no;2;1;0;shortTerm
25;2;4;3;islam;no;3;3;0;shortTerm
24;3;3;1;islam;no;3;2;0;shortTerm
23;4;4;1;islam;no;3;3;0;shortTerm
25;2;4;3;islam;no;3;2;0;shortTerm
30;1;3;4;islam;no;3;4;0;shortTerm
31;1;1;3;islam;no;4;2;1;shortTerm
26;3;4;2;islam;no;3;3;0;shortTerm
28;3;4;2;islam;no;2;3;0;shortTerm
30;3;3;3;islam;no;3;1;0;shortTerm
29;3;4;5;islam;no;1;2;0;shortTerm
24;1;3;4;islam;no;3;3;0;shortTerm
26;3;4;2;islam;no;1;3;0;shortTerm
25;3;3;3;islam;no;3;3;0;shortTerm
35;4;4;3;islam;no;1;4;0;shortTerm
22;4;4;1;islam;yes;2;4;0;shortTerm
19;4;4;1;islam;no;2;4;0;shortTerm
29;2;3;5;islam;no;2;4;0;shortTerm
21;3;4;2;islam;no;3;3;0;shortTerm
21;3;3;1;islam;no;3;3;0;shortTerm
41;1;4;9;islam;no;2;1;0;shortTerm
37;2;4;3;islam;no;2;3;0;shortTerm
27;4;4;3;islam;no;3;4;1;shortTerm
26;2;3;2;islam;no;2;3;0;shortTerm
37;4;4;6;islam;yes;3;4;0;shortTerm
25;3;3;3;islam;no;2;1;0;shortTerm
32;4;3;3;islam;no;2;4;0;shortTerm
34;1;4;4;islam;no;3;4;1;shortTerm
23;4;4;2;islam;yes;2;4;0;shortTerm
28;3;4;2;islam;no;3;4;0;shortTerm
24;3;4;1;islam;no;3;4;0;shortTerm
32;2;3;4;islam;yes;2;2;0;shortTerm
22;1;2;3;islam;no;3;1;1;shortTerm
25;3;3;1;islam;no;2;1;0;shortTerm
25;2;3;2;islam;no;2;4;0;shortTerm
38;2;3;3;islam;no;2;4;0;shortTerm
33;2;2;2;islam;no;3;4;0;shortTerm
41;4;4;8;islam;no;1;4;0;shortTerm
29;3;3;4;islam;no;3;4;0;shortTerm
22;3;4;1;islam;yes;1;4;0;shortTerm
29;3;3;6;islam;no;3;3;0;shortTerm
26;3;4;3;islam;no;3;3;0;shortTerm
28;2;3;3;islam;no;3;4;0;shortTerm
27;4;4;1;nonIslam;no;3;4;0;shortTerm
29;2;4;2;islam;no;3;2;0;shortTerm
24;3;4;2;islam;no;3;3;0;shortTerm
29;3;4;3;islam;no;3;2;0;shortTerm
38;3;4;7;islam;no;3;2;0;shortTerm
23;3;2;2;islam;yes;3;2;0;shortTerm
20;4;3;1;islam;no;3;4;0;shortTerm
32;1;4;4;islam;no;3;2;0;shortTerm
25;2;3;2;islam;no;3;1;0;shortTerm
26;1;2;3;islam;yes;3;2;0;shortTerm
23;1;2;3;islam;no;3;2;1;shortTerm
23;4;4;3;islam;no;3;3;0;shortTerm
28;3;4;5;islam;no;2;4;0;shortTerm
22;4;4;3;islam;no;3;2;0;shortTerm
28;2;4;4;islam;no;3;4;0;shortTerm
26;3;3;3;islam;no;3;3;0;shortTerm
26;2;3;2;islam;no;3;3;0;shortTerm
24;4;3;3;islam;no;3;3;0;shortTerm
29;4;4;3;islam;yes;1;4;0;shortTerm
29;3;4;4;islam;yes;1;3;0;shortTerm
42;4;4;5;islam;no;1;4;0;shortTerm
27;4;4;2;islam;no;3;4;0;shortTerm
35;3;4;5;islam;no;1;4;0;shortTerm
21;3;4;1;islam;no;3;2;0;shortTerm
21;1;3;1;islam;no;3;3;1;shortTerm
22;3;4;1;islam;no;3;3;0;shortTerm
28;3;3;4;islam;no;3;3;0;shortTerm
22;3;4;1;nonIslam;yes;1;4;0;shortTerm
23;3;2;1;islam;no;3;3;0;shortTerm
28;3;3;2;nonIslam;no;2;3;0;shortTerm
30;4;4;3;nonIslam;yes;2;4;0;shortTerm
25;3;4;3;islam;yes;3;4;0;shortTerm
33;4;4;4;islam;no;2;3;0;shortTerm
33;3;4;6;islam;no;3;2;0;shortTerm
30;4;4;2;nonIslam;yes;3;3;0;shortTerm
22;2;4;1;islam;no;3;3;0;shortTerm
38;3;3;2;nonIslam;no;3;4;0;shortTerm
35;4;3;2;nonIslam;no;3;4;0;shortTerm
34;2;2;4;nonIslam;no;3;2;0;shortTerm
39;4;4;2;nonIslam;no;3;4;0;shortTerm
47;4;3;4;islam;no;1;3;0;shortTerm
38;4;4;2;islam;yes;1;4;0;shortTerm
43;4;4;5;islam;no;1;4;0;shortTerm
21;3;3;1;islam;no;2;2;0;shortTerm
30;3;4;2;islam;no;1;2;0;shortTerm
27;3;4;2;islam;no;1;3;0;shortTerm
22;4;4;1;nonIslam;no;3;1;0;shortTerm
25;1;2;3;islam;no;2;3;0;shortTerm
22;1;3;2;islam;no;3;2;0;shortTerm
28;4;4;4;islam;no;2;3;0;shortTerm
25;3;3;2;islam;no;2;3;0;shortTerm
26;4;4;2;islam;yes;3;3;0;shortTerm
31;3;3;3;islam;no;3;1;1;shortTerm
32;1;3;4;islam;no;3;3;0;shortTerm
35;2;4;6;islam;no;3;4;0;shortTerm
24;2;3;5;islam;no;3;3;0;shortTerm
28;4;4;2;islam;no;1;4;0;shortTerm
36;4;4;3;nonIslam;yes;2;4;0;shortTerm
47;4;4;5;islam;no;1;3;0;shortTerm
26;4;4;2;islam;yes;1;4;0;shortTerm
22;3;4;2;nonIslam;no;3;4;0;shortTerm
30;4;4;2;islam;no;4;3;0;shortTerm
41;4;4;5;islam;no;1;4;0;shortTerm
19;4;4;1;islam;no;3;2;0;shortTerm
45;3;4;2;nonIslam;no;3;3;0;shortTerm
35;1;2;5;islam;no;2;2;1;shortTerm
21;2;2;1;islam;no;3;2;0;shortTerm
32;1;2;6;nonIslam;no;2;3;0;shortTerm
32;3;4;5;nonIslam;no;3;4;0;shortTerm
46;2;3;6;nonIslam;yes;3;4;0;shortTerm
41;1;2;6;islam;no;3;3;0;shortTerm
36;4;4;3;nonIslam;no;3;4;0;shortTerm
37;3;4;3;nonIslam;no;3;4;0;shortTerm
37;3;4;4;nonIslam;no;2;4;0;shortTerm
35;4;4;3;nonIslam;no;3;4;0;shortTerm
29;2;3;4;islam;no;3;2;0;shortTerm
28;4;4;2;nonIslam;no;2;4;0;shortTerm
46;4;4;4;nonIslam;no;1;4;0;shortTerm
34;4;3;3;nonIslam;no;2;4;0;shortTerm
43;3;3;2;nonIslam;yes;3;4;0;shortTerm
28;4;4;3;nonIslam;yes;3;4;0;shortTerm
28;3;3;3;islam;yes;2;4;0;shortTerm
34;4;4;6;islam;no;2;2;0;shortTerm
27;2;4;4;islam;no;3;4;0;shortTerm
36;1;3;6;islam;no;3;2;0;shortTerm
17;2;2;0;islam;yes;3;2;0;shortTerm
21;3;3;1;islam;no;3;2;0;shortTerm
25;2;2;1;islam;no;3;1;0;shortTerm
23;2;3;2;islam;yes;3;2;0;shortTerm
25;2;2;1;islam;no;3;3;0;shortTerm
35;1;2;4;islam;yes;4;4;0;shortTerm
32;3;4;4;islam;no;3;2;0;shortTerm
37;2;3;5;islam;no;4;2;0;shortTerm
31;3;4;4;islam;yes;3;3;0;shortTerm
25;3;4;3;islam;no;3;4;0;shortTerm
26;3;4;4;islam;no;2;4;0;shortTerm
39;1;2;2;islam;yes;2;4;0;shortTerm
21;3;3;2;islam;no;2;3;0;shortTerm
35;3;2;9;islam;yes;3;4;0;shortTerm
20;2;2;1;islam;no;3;2;0;shortTerm
40;2;3;5;islam;no;3;3;0;shortTerm
41;3;3;7;nonIslam;no;2;4;0;shortTerm
36;2;4;8;islam;no;1;4;0;shortTerm
40;2;4;3;nonIslam;no;3;4;0;shortTerm
32;4;4;3;islam;yes;1;4;0;shortTerm
24;3;4;4;islam;no;2;3;0;shortTerm
20;3;4;1;nonIslam;no;2;4;0;shortTerm
32;4;4;4;islam;yes;1;4;0;shortTerm
22;2;2;3;islam;yes;3;3;0;shortTerm
30;3;3;4;islam;yes;2;2;0;shortTerm
31;4;4;3;islam;yes;1;4;0;shortTerm
35;3;4;5;islam;no;1;4;0;shortTerm
38;4;4;2;islam;no;3;4;0;shortTerm
31;4;4;1;islam;no;1;4;0;shortTerm
25;4;4;2;islam;no;2;4;0;shortTerm
30;4;4;2;islam;no;1;4;0;shortTerm
22;1;2;2;islam;no;3;4;0;shortTerm
31;4;4;3;islam;no;1;4;0;shortTerm
29;4;4;3;islam;no;3;4;0;shortTerm
29;2;3;3;islam;yes;3;2;0;shortTerm
38;4;4;3;nonIslam;yes;3;3;1;shortTerm
22;3;4;2;islam;no;2;4;0;shortTerm
45;4;4;3;islam;no;1;4;0;shortTerm
26;3;4;3;islam;no;3;2;0;shortTerm
37;4;4;3;nonIslam;no;3;4;0;shortTerm
36;4;4;3;nonIslam;no;2;4;0;shortTerm
33;4;4;2;islam;no;2;4;0;shortTerm
32;4;4;3;islam;yes;1;4;0;shortTerm
35;4;4;4;nonIslam;yes;1;4;0;shortTerm
25;4;4;1;islam;no;1;4;0;shortTerm
31;4;4;3;islam;no;4;4;0;shortTerm
25;2;3;5;islam;no;2;3;0;shortTerm
26;3;2;5;islam;no;2;2;0;shortTerm
23;2;3;3;islam;no;2;3;0;shortTerm
28;3;4;3;islam;no;1;4;0;shortTerm
34;3;4;3;nonIslam;yes;3;4;0;shortTerm
46;3;4;9;islam;no;3;4;0;shortTerm
25;4;4;1;islam;no;1;4;0;shortTerm
21;2;1;3;islam;yes;3;1;1;shortTerm
25;2;3;4;islam;yes;3;2;0;shortTerm
28;2;3;6;islam;no;2;4;0;shortTerm
36;2;4;11;islam;no;1;4;1;shortTerm
46;1;2;9;islam;yes;3;4;1;shortTerm
35;2;2;6;islam;yes;3;1;1;noUse
41;3;2;11;islam;no;2;3;0;noUse
27;2;4;1;islam;yes;1;1;0;noUse
25;4;4;0;islam;yes;3;4;0;noUse
23;2;2;2;islam;no;3;3;0;noUse
48;1;1;1;islam;yes;3;3;1;noUse
23;4;4;0;islam;yes;1;4;0;noUse
31;3;4;2;islam;no;3;3;0;noUse
49;4;4;1;islam;no;3;4;0;noUse
42;2;3;2;islam;no;1;4;0;noUse
26;2;4;3;islam;no;3;4;0;noUse
21;2;2;1;islam;no;3;2;0;noUse
29;3;4;4;islam;no;1;4;0;noUse
38;1;2;12;islam;no;2;3;0;noUse
25;4;4;2;islam;no;3;2;0;noUse
22;4;4;0;islam;no;3;2;0;noUse
20;3;4;0;islam;no;3;3;0;noUse
35;4;4;1;islam;no;1;3;0;noUse
32;2;3;1;islam;no;3;3;0;noUse
38;2;4;3;islam;no;1;3;0;noUse
27;1;2;4;islam;no;1;4;1;noUse
41;2;4;1;islam;no;2;3;0;noUse
28;3;4;0;islam;yes;1;3;0;noUse
23;4;4;1;islam;yes;3;3;0;noUse
27;4;4;1;nonIslam;yes;2;4;0;noUse
33;4;4;2;nonIslam;no;1;4;0;noUse
39;2;2;5;islam;yes;3;2;1;noUse
41;2;2;5;nonIslam;no;2;2;0;noUse
40;2;2;8;islam;no;1;3;0;noUse
43;3;4;10;islam;no;3;3;0;noUse
35;3;4;6;islam;yes;2;2;0;noUse
32;3;4;0;islam;no;3;4;0;noUse
49;2;3;4;islam;no;2;3;0;noUse
47;2;2;4;islam;no;3;1;0;noUse
42;4;4;1;islam;no;2;4;0;noUse
48;4;4;4;nonIslam;no;1;4;0;noUse
42;4;4;3;islam;no;1;4;0;noUse
37;4;4;2;islam;no;1;4;0;noUse
23;3;3;1;islam;yes;2;4;0;noUse
24;3;4;0;islam;yes;2;3;0;noUse
43;2;3;3;nonIslam;no;2;3;0;noUse
24;3;3;2;islam;yes;3;2;0;noUse
29;2;4;0;islam;yes;3;4;0;noUse
45;1;1;0;nonIslam;yes;2;1;0;noUse
31;4;4;3;islam;yes;2;3;0;noUse
44;1;4;9;islam;no;1;2;0;noUse
28;2;3;1;islam;no;3;1;0;noUse
28;3;4;1;nonIslam;no;2;2;0;noUse
33;1;2;0;islam;yes;3;3;0;noUse
43;4;4;6;islam;no;1;3;0;noUse
34;3;4;4;islam;no;1;3;0;noUse
36;1;4;2;islam;no;2;2;0;noUse
22;4;4;0;islam;yes;2;4;0;noUse
35;2;3;8;islam;no;3;3;1;noUse
25;4;4;1;islam;no;1;4;0;noUse
43;1;2;8;islam;no;2;2;1;noUse
46;1;4;8;islam;no;1;4;1;noUse
27;3;4;2;islam;no;1;3;0;noUse
30;1;1;7;islam;no;2;3;0;noUse
25;4;4;1;islam;no;3;4;0;noUse
42;4;4;1;islam;yes;1;4;0;noUse
30;1;3;1;islam;no;3;4;0;noUse
27;3;3;4;islam;no;2;4;0;noUse
45;2;3;11;islam;no;2;3;0;noUse
29;3;4;2;islam;no;1;3;0;noUse
36;1;4;1;islam;no;3;3;0;noUse
49;1;2;8;islam;no;3;1;1;noUse
47;1;4;7;islam;no;2;3;0;noUse
30;4;4;4;islam;no;2;4;0;noUse
24;2;3;2;islam;no;3;1;0;noUse
48;1;1;6;islam;no;2;3;1;noUse
47;1;2;2;islam;no;2;3;1;noUse
24;3;4;1;islam;yes;3;3;0;noUse
48;3;4;5;islam;no;2;3;0;noUse
38;1;2;8;islam;no;3;3;1;noUse
45;3;4;0;islam;no;1;3;0;noUse
43;4;4;3;nonIslam;no;2;4;0;noUse
33;1;1;5;islam;no;3;1;1;noUse
37;3;4;7;islam;no;3;4;0;noUse
36;2;1;6;islam;no;2;3;0;noUse
25;3;4;3;islam;no;1;1;0;noUse
49;4;4;6;nonIslam;yes;1;4;0;noUse
30;4;4;1;islam;yes;1;4;0;noUse
35;4;4;5;islam;no;1;4;0;noUse
28;2;4;0;islam;no;3;1;0;noUse
30;4;2;0;islam;yes;3;3;0;noUse
27;4;4;2;islam;yes;1;4;0;noUse
45;2;4;8;islam;no;2;3;0;noUse
46;3;1;5;islam;no;3;2;0;noUse
28;1;4;0;islam;yes;4;1;0;noUse
21;2;4;0;islam;no;2;2;0;noUse
20;3;4;2;islam;no;3;3;0;noUse
28;3;3;5;islam;no;3;3;0;noUse
25;3;3;1;islam;no;2;2;0;noUse
38;1;2;6;islam;no;2;1;1;noUse
20;3;4;1;islam;no;3;2;0;noUse
24;3;4;2;islam;no;2;4;0;noUse
39;3;1;1;islam;no;2;3;0;noUse
25;1;3;1;islam;no;4;2;0;noUse
23;3;4;4;islam;no;3;1;1;noUse
24;4;4;1;islam;yes;1;3;0;noUse
26;4;4;3;islam;no;1;4;0;noUse
20;3;4;2;islam;no;3;2;0;noUse
31;3;3;1;islam;yes;3;4;0;noUse
22;4;4;0;islam;no;2;1;1;noUse
36;2;3;6;islam;no;2;3;0;noUse
45;3;4;0;islam;no;1;3;0;noUse
47;2;2;7;islam;no;2;2;0;noUse
30;2;3;1;islam;no;2;1;0;noUse
35;4;4;3;islam;no;1;4;0;noUse
34;2;2;9;islam;yes;2;3;0;noUse
28;4;4;1;islam;yes;1;3;0;noUse
18;3;4;1;islam;no;3;3;0;noUse
25;2;3;2;islam;no;3;2;0;noUse
27;3;4;0;islam;yes;3;3;0;noUse
21;4;4;1;islam;no;3;4;0;noUse
19;4;4;1;islam;no;1;3;0;noUse
26;4;4;0;islam;no;3;4;0;noUse
28;4;4;5;islam;no;1;4;0;noUse
38;1;3;4;islam;yes;2;2;0;noUse
39;2;3;10;islam;no;3;4;0;noUse
45;2;3;6;islam;no;3;2;1;noUse
30;3;4;4;nonIslam;no;2;3;0;noUse
47;2;4;2;islam;no;3;2;1;noUse
38;2;2;6;islam;no;3;4;0;noUse
42;3;3;5;islam;no;2;2;0;noUse
31;4;4;2;islam;no;1;2;0;noUse
44;1;2;2;islam;no;3;1;0;noUse
42;4;4;3;islam;yes;1;4;0;noUse
28;4;4;2;islam;no;1;3;0;noUse
34;2;4;6;islam;yes;3;4;0;noUse
45;1;3;7;islam;yes;1;3;0;noUse
43;4;4;5;islam;no;1;3;0;noUse
28;3;4;0;islam;yes;3;4;0;noUse
27;3;4;0;islam;no;3;3;0;noUse
26;2;3;1;islam;yes;4;4;0;noUse
26;3;4;1;nonIslam;no;2;2;0;noUse
37;3;4;4;islam;yes;2;4;0;noUse
48;3;4;11;islam;no;1;4;0;noUse
47;2;3;12;islam;no;3;1;0;noUse
22;2;4;1;islam;no;3;4;0;noUse
48;4;4;1;nonIslam;no;1;4;0;noUse
42;1;3;12;islam;no;2;4;0;noUse
32;4;4;3;islam;no;1;4;0;noUse
33;4;4;3;nonIslam;yes;1;3;0;noUse
45;4;4;1;islam;yes;1;4;0;noUse
26;2;3;1;islam;yes;3;4;1;noUse
45;4;4;1;islam;no;1;4;0;noUse
25;3;3;1;islam;yes;2;4;0;noUse
36;4;3;3;islam;yes;3;2;0;noUse
31;3;3;2;islam;yes;3;3;0;noUse
22;3;4;2;islam;no;3;3;0;noUse
46;4;4;10;islam;no;1;3;0;noUse
26;2;3;3;islam;no;3;4;0;noUse
25;3;2;1;islam;yes;3;3;0;noUse
20;4;4;0;nonIslam;yes;2;4;0;noUse
31;3;4;3;nonIslam;yes;2;4;0;noUse
36;3;3;3;nonIslam;yes;2;3;1;noUse
47;3;2;5;islam;no;4;4;0;noUse
43;3;4;2;nonIslam;no;3;4;0;noUse
20;3;4;0;islam;no;3;3;0;noUse
24;4;4;4;islam;no;1;4;0;noUse
33;2;2;3;nonIslam;yes;2;4;0;noUse
41;3;4;3;nonIslam;no;2;4;0;noUse
48;3;4;4;nonIslam;no;2;4;0;noUse
32;4;4;1;nonIslam;no;1;4;0;noUse
38;3;3;4;nonIslam;yes;3;2;1;noUse
48;3;4;8;islam;no;3;3;0;noUse
34;1;3;4;islam;yes;3;4;0;noUse
31;1;1;6;islam;no;3;2;0;noUse
46;1;2;7;islam;no;3;1;1;noUse
45;2;2;7;islam;no;3;1;1;noUse
34;3;4;4;nonIslam;no;3;1;1;noUse
16;2;4;1;islam;no;3;4;0;noUse
18;3;2;1;islam;no;3;1;0;noUse
22;2;2;1;islam;no;3;1;1;noUse
32;2;2;2;islam;no;2;4;0;noUse
41;1;3;3;islam;yes;2;4;0;noUse
22;3;3;2;islam;no;2;4;0;noUse
23;3;2;0;islam;no;2;2;0;noUse
22;3;4;0;islam;yes;3;4;0;noUse
40;2;2;6;islam;no;2;2;1;noUse
29;3;4;1;nonIslam;no;2;3;0;noUse
42;4;4;0;nonIslam;yes;3;4;0;noUse
29;3;4;2;islam;no;3;4;0;noUse
31;3;2;1;islam;no;3;4;0;noUse
28;4;4;3;nonIslam;yes;1;4;0;noUse
21;2;3;0;islam;no;3;4;0;noUse
26;4;4;2;islam;no;1;3;0;noUse
37;3;4;0;islam;no;3;4;0;noUse
24;3;4;2;islam;no;2;2;0;noUse
25;4;4;0;nonIslam;no;2;4;0;noUse
22;2;1;0;islam;no;2;2;0;noUse
45;4;4;1;islam;no;1;4;0;noUse
47;4;4;1;islam;no;1;4;0;noUse
28;4;4;5;islam;yes;3;4;0;noUse
24;2;2;4;islam;no;3;4;0;noUse
34;3;3;6;islam;no;2;3;0;noUse
47;2;3;5;islam;no;1;1;0;noUse
31;3;4;2;islam;no;1;4;0;noUse
26;1;3;1;islam;no;3;1;0;noUse
25;4;4;3;islam;no;1;2;0;noUse
47;1;1;4;islam;no;2;2;0;noUse
48;1;1;8;islam;no;1;1;1;noUse
38;2;2;10;islam;no;3;2;0;noUse
32;1;3;4;islam;no;2;2;1;noUse
47;1;2;2;islam;no;2;4;0;noUse
27;4;4;3;islam;no;1;4;0;noUse
40;1;1;0;islam;no;3;2;0;noUse
46;4;4;6;islam;no;1;4;0;noUse
33;3;3;3;islam;no;3;4;0;noUse
49;1;2;5;islam;yes;2;2;1;noUse
21;2;4;3;islam;no;3;2;0;noUse
31;4;4;0;nonIslam;yes;2;4;0;noUse
42;4;4;4;islam;no;3;4;0;longTerm
35;4;4;3;islam;no;1;4;0;longTerm
31;4;4;4;islam;no;3;3;0;longTerm
42;4;4;6;islam;no;1;3;0;longTerm
49;3;4;4;islam;no;3;4;0;longTerm
21;4;4;1;islam;no;1;3;0;longTerm
28;3;4;3;islam;no;1;4;0;longTerm
22;4;4;1;islam;no;1;3;0;longTerm
36;4;4;3;islam;yes;1;4;0;longTerm
45;2;2;9;islam;no;3;3;0;longTerm
40;4;4;4;islam;no;1;4;0;longTerm
30;2;2;7;islam;no;3;4;0;longTerm
35;4;4;5;islam;yes;1;4;0;longTerm
26;2;4;2;islam;no;1;4;0;longTerm
45;4;4;3;islam;no;1;4;0;longTerm
27;3;3;2;islam;no;3;4;0;longTerm
32;4;4;4;islam;no;1;2;0;longTerm
27;4;4;3;islam;no;1;3;0;longTerm
28;4;4;2;nonIslam;no;1;4;0;longTerm
30;4;4;3;islam;no;2;1;0;longTerm
34;4;4;4;islam;no;2;4;0;longTerm
26;3;4;3;islam;no;2;3;0;longTerm
44;1;4;2;islam;no;1;3;0;longTerm
29;4;4;3;islam;no;1;4;0;longTerm
26;3;4;2;islam;no;3;3;0;longTerm
41;4;4;8;islam;no;1;4;0;longTerm
32;3;3;4;islam;yes;3;3;0;longTerm
23;3;1;1;islam;yes;3;3;0;longTerm
38;2;3;4;islam;no;1;2;0;longTerm
22;4;4;1;islam;yes;2;2;0;longTerm
34;3;4;3;nonIslam;no;1;4;0;longTerm
38;3;4;7;nonIslam;no;2;3;0;longTerm
21;4;4;1;islam;no;1;4;0;longTerm
43;1;3;4;islam;no;1;4;0;longTerm
44;3;3;9;islam;no;1;1;0;longTerm
24;4;4;1;islam;no;2;4;0;longTerm
27;4;4;1;islam;yes;3;3;0;longTerm
34;3;4;4;islam;no;3;3;0;longTerm
29;3;4;2;islam;no;1;4;0;longTerm
26;4;4;1;islam;yes;2;3;0;longTerm
37;4;4;7;islam;no;1;4;0;longTerm
21;3;4;3;islam;no;1;4;0;longTerm
47;4;4;4;nonIslam;no;2;4;0;longTerm
41;4;4;3;islam;yes;2;3;0;longTerm
29;3;4;3;islam;no;1;3;0;longTerm
25;4;4;1;islam;yes;1;4;0;longTerm
33;4;4;2;nonIslam;yes;1;3;0;longTerm
23;4;4;1;nonIslam;no;1;4;0;longTerm
32;4;4;4;islam;no;2;3;0;longTerm
45;4;4;3;islam;no;1;4;0;longTerm
37;4;4;4;islam;no;1;4;0;longTerm
35;2;4;4;nonIslam;no;3;2;0;longTerm
37;4;4;3;islam;no;3;4;0;longTerm
35;4;4;5;islam;no;2;4;0;longTerm
23;4;4;1;islam;no;3;3;0;longTerm
38;2;2;8;islam;no;2;2;0;longTerm
41;4;4;4;nonIslam;yes;2;4;0;longTerm
35;1;2;9;islam;yes;3;1;0;longTerm
29;4;4;3;islam;no;3;2;0;longTerm
26;3;3;2;islam;no;1;3;0;longTerm
22;3;3;2;islam;no;3;3;0;longTerm
30;2;3;5;islam;no;3;1;1;longTerm
36;4;4;3;islam;no;3;3;0;longTerm
26;3;4;3;islam;no;1;4;0;longTerm
32;4;4;2;islam;yes;3;4;0;longTerm
39;4;4;3;nonIslam;no;2;4;0;longTerm
29;3;4;3;islam;no;1;3;0;longTerm
40;4;4;5;islam;no;1;3;0;longTerm
43;3;3;6;islam;yes;3;2;0;longTerm
44;3;4;6;islam;no;3;2;0;longTerm
24;4;4;2;islam;no;2;4;0;longTerm
42;4;4;3;islam;yes;1;4;0;longTerm
33;3;4;2;islam;no;1;4;0;longTerm
24;4;4;1;nonIslam;no;2;3;0;longTerm
28;3;4;2;nonIslam;no;2;3;0;longTerm
32;2;1;5;islam;yes;2;2;0;longTerm
26;2;2;4;islam;no;3;4;0;longTerm
27;4;4;1;islam;no;1;4;0;longTerm
41;3;4;3;nonIslam;no;2;4;0;longTerm
28;3;4;2;nonIslam;no;3;3;0;longTerm
23;4;4;1;islam;yes;3;4;0;longTerm
31;2;2;4;islam;no;4;3;1;longTerm
33;4;4;3;nonIslam;no;2;4;0;longTerm
35;4;4;5;islam;no;1;4;0;longTerm
39;3;4;5;islam;no;3;4;0;longTerm
27;4;4;2;islam;no;1;3;0;longTerm
48;4;4;3;nonIslam;no;1;4;0;longTerm
25;3;1;2;islam;yes;3;4;0;longTerm
38;4;4;4;islam;no;2;4;0;longTerm
48;4;4;7;islam;yes;1;4;0;longTerm
34;4;4;4;islam;yes;3;3;0;longTerm
36;3;3;4;islam;no;1;3;0;longTerm
34;4;4;3;islam;yes;3;4;0;longTerm
42;4;4;4;nonIslam;yes;2;4;0;longTerm
45;3;3;5;nonIslam;no;1;3;0;longTerm
37;4;4;4;nonIslam;no;2;4;0;longTerm
38;4;4;3;nonIslam;yes;2;4;0;longTerm
42;3;3;4;nonIslam;no;3;4;0;longTerm
42;2;4;5;nonIslam;no;2;3;0;longTerm
41;4;4;6;islam;no;1;4;0;longTerm
43;4;4;5;nonIslam;no;1;4;0;longTerm
34;4;4;2;nonIslam;yes;3;2;0;longTerm
44;2;3;1;nonIslam;no;2;4;0;longTerm
41;4;4;4;nonIslam;no;1;4;0;longTerm
36;4;4;3;islam;no;1;4;0;longTerm
34;1;2;5;islam;no;3;4;0;longTerm
32;3;2;5;islam;no;3;3;0;shortTerm
34;3;3;6;islam;no;1;4;0;shortTerm
24;4;4;2;islam;yes;3;3;0;shortTerm
21;3;3;1;nonIslam;no;3;2;0;shortTerm
38;4;3;9;islam;no;3;3;0;shortTerm
39;4;4;3;islam;yes;1;4;0;shortTerm
35;2;2;6;islam;yes;2;2;1;shortTerm
30;2;3;7;islam;no;3;3;0;shortTerm
17;3;4;1;islam;no;3;3;0;shortTerm
32;2;4;3;islam;no;3;4;0;shortTerm
43;4;4;5;nonIslam;no;1;4;0;shortTerm
31;2;2;4;islam;no;3;3;0;shortTerm
24;1;2;3;islam;no;3;2;0;shortTerm
26;2;4;3;islam;no;1;3;0;shortTerm
35;3;4;4;islam;yes;1;4;0;shortTerm
46;3;4;4;islam;yes;3;4;0;shortTerm
29;2;3;3;islam;no;3;3;0;shortTerm
21;3;4;1;islam;yes;3;4;0;shortTerm
31;4;4;5;islam;yes;1;4;0;shortTerm
24;4;4;2;islam;no;3;3;0;shortTerm
24;2;4;3;islam;no;3;3;0;shortTerm
36;4;4;4;islam;no;1;3;0;shortTerm
37;2;3;9;islam;no;3;3;0;shortTerm
37;3;3;6;islam;no;3;3;0;shortTerm
37;3;3;11;islam;no;1;2;0;shortTerm
44;4;4;4;nonIslam;no;2;3;0;shortTerm
35;2;3;6;islam;no;2;3;0;shortTerm
25;4;4;3;islam;no;3;3;0;shortTerm
21;4;4;2;islam;no;2;3;0;shortTerm
24;1;2;3;islam;no;3;2;0;shortTerm
16;2;3;1;islam;no;3;1;0;shortTerm
21;3;2;1;islam;no;3;1;1;shortTerm
25;2;4;2;islam;no;2;4;0;shortTerm
26;4;4;1;islam;yes;2;4;0;shortTerm
43;4;4;2;islam;no;1;4;0;shortTerm
24;4;4;1;islam;no;1;4;0;shortTerm
30;3;4;3;nonIslam;no;3;3;0;shortTerm
30;2;3;3;islam;no;3;3;0;shortTerm
26;4;4;2;islam;no;3;3;0;shortTerm
29;2;4;4;islam;no;3;2;0;shortTerm
24;3;4;4;islam;no;3;1;0;shortTerm
29;3;3;2;islam;no;3;2;0;shortTerm
29;1;2;1;islam;no;3;3;0;shortTerm
22;4;4;1;islam;no;2;4;0;shortTerm
30;3;3;4;islam;yes;3;2;0;shortTerm
24;4;4;1;islam;no;2;3;0;shortTerm
25;4;4;2;islam;no;1;2;0;shortTerm
44;4;4;5;islam;yes;1;4;0;shortTerm
28;2;3;3;islam;no;2;4;0;shortTerm
22;3;3;1;islam;no;3;2;0;shortTerm
30;2;2;6;islam;yes;2;3;0;shortTerm
25;3;4;3;islam;no;2;4;0;shortTerm
25;4;4;2;islam;no;3;3;0;shortTerm
33;4;4;2;islam;yes;1;4;0;shortTerm
33;3;3;4;islam;yes;2;3;0;shortTerm
26;3;3;2;islam;yes;2;2;0;shortTerm
29;3;4;5;islam;no;3;3;0;shortTerm
32;3;3;4;islam;no;2;1;0;shortTerm
30;4;4;1;islam;yes;3;2;0;shortTerm
37;4;4;1;nonIslam;no;1;4;0;shortTerm
31;1;2;4;islam;no;3;3;0;shortTerm
36;1;2;4;islam;no;3;1;1;shortTerm
36;2;2;7;islam;yes;2;2;1;shortTerm
26;3;4;2;islam;yes;2;4;0;shortTerm
36;4;4;3;islam;no;1;4;0;shortTerm
28;4;4;1;islam;no;2;4;0;shortTerm
33;4;4;5;islam;no;3;3;0;shortTerm
25;3;4;2;islam;yes;2;4;0;shortTerm
31;4;4;2;nonIslam;no;1;4;0;shortTerm
38;4;4;4;islam;yes;1;4;0;shortTerm
35;1;2;5;islam;no;3;3;0;shortTerm
33;4;4;3;nonIslam;yes;2;4;0;shortTerm
30;2;2;2;islam;no;3;2;0;shortTerm
20;3;3;2;islam;no;2;2;1;shortTerm
18;3;3;1;islam;no;2;2;0;shortTerm
30;3;2;3;islam;no;3;3;0;shortTerm
35;2;3;6;islam;yes;3;2;0;shortTerm
22;3;3;2;islam;no;3;1;0;shortTerm
28;2;4;7;islam;no;3;3;0;shortTerm
21;3;3;1;islam;no;3;1;0;shortTerm
27;3;4;4;islam;no;3;4;0;shortTerm
30;3;4;3;islam;no;3;3;0;shortTerm
25;3;4;2;islam;no;3;3;0;shortTerm
26;4;4;3;islam;no;3;2;0;shortTerm
37;2;4;5;islam;no;1;4;0;shortTerm
47;1;3;9;islam;yes;3;3;0;shortTerm
36;1;1;5;islam;no;3;3;0;shortTerm
36;2;3;6;islam;no;2;4;0;shortTerm
36;4;4;3;islam;no;2;4;0;shortTerm
28;4;4;4;islam;no;3;4;0;shortTerm
21;4;4;2;islam;no;3;3;0;shortTerm
25;4;4;2;islam;no;2;3;0;shortTerm
30;3;4;3;islam;no;3;4;0;shortTerm
22;3;3;3;islam;no;3;3;0;shortTerm
23;4;3;2;islam;yes;2;3;0;shortTerm
36;3;4;9;islam;no;3;4;0;shortTerm
28;4;3;2;islam;no;3;2;0;shortTerm
46;2;2;5;islam;no;2;4;0;shortTerm
47;4;4;5;islam;no;3;2;0;shortTerm
41;1;4;5;islam;yes;2;4;0;shortTerm
44;4;4;5;islam;no;3;4;0;shortTerm
34;2;3;3;nonIslam;no;3;2;1;shortTerm
37;2;3;6;islam;no;3;4;0;shortTerm
34;4;4;2;nonIslam;no;1;4;0;shortTerm
22;2;4;2;islam;no;3;2;0;shortTerm
33;2;3;4;islam;no;2;3;0;shortTerm
21;3;4;3;islam;no;3;1;0;shortTerm
31;4;4;4;islam;yes;3;4;0;shortTerm
41;4;3;5;islam;yes;3;4;0;shortTerm
30;4;3;4;islam;no;3;3;0;shortTerm
32;2;4;5;islam;no;3;4;0;shortTerm
27;4;4;2;nonIslam;yes;2;4;0;shortTerm
26;4;4;1;nonIslam;yes;2;4;0;shortTerm
42;4;4;5;nonIslam;no;2;4;0;shortTerm
24;4;4;1;islam;no;1;3;0;shortTerm
37;4;4;6;islam;no;1;4;0;shortTerm
30;2;3;5;islam;yes;3;4;0;shortTerm
27;4;4;1;islam;no;1;4;0;shortTerm
34;2;4;6;islam;no;3;3;0;shortTerm
32;3;4;5;nonIslam;no;1;4;0;shortTerm
28;4;4;1;nonIslam;yes;2;4;0;shortTerm
29;3;3;1;nonIslam;yes;2;4;0;shortTerm
42;4;4;3;nonIslam;no;2;4;0;shortTerm
21;2;2;0;nonIslam;no;4;4;0;shortTerm
22;4;4;2;islam;no;3;4;0;shortTerm
36;4;4;3;nonIslam;no;3;4;0;shortTerm
45;2;3;3;nonIslam;yes;2;4;0;shortTerm
34;4;4;2;nonIslam;yes;2;4;0;shortTerm
35;2;3;5;islam;no;3;3;0;shortTerm
19;4;4;1;islam;no;2;3;0;shortTerm
27;4;4;4;islam;no;3;3;0;shortTerm
37;2;4;4;islam;yes;2;3;0;shortTerm
26;3;2;4;islam;no;3;4;0;shortTerm
28;1;3;5;islam;no;3;4;0;shortTerm
31;3;4;5;islam;no;1;4;0;shortTerm
32;2;2;6;islam;no;2;3;0;shortTerm
40;2;2;4;nonIslam;yes;2;4;0;shortTerm
27;3;3;5;islam;no;2;4;0;shortTerm
27;2;2;3;islam;no;2;2;1;shortTerm
37;4;4;5;nonIslam;yes;2;4;0;shortTerm
22;4;3;1;islam;no;2;2;0;shortTerm
27;4;4;4;islam;no;1;2;1;shortTerm
21;4;4;1;nonIslam;no;2;4;0;shortTerm
30;1;3;2;islam;no;3;4;0;shortTerm
23;2;2;1;islam;no;2;4;0;shortTerm
25;2;4;3;islam;no;1;3;0;shortTerm
42;2;4;6;islam;no;2;4;0;shortTerm
29;4;4;3;islam;no;1;4;0;shortTerm
33;4;4;2;islam;yes;2;4;0;shortTerm
33;4;4;3;islam;no;1;4;0;shortTerm
39;3;3;8;islam;yes;1;4;0;shortTerm
33;3;3;4;islam;yes;2;2;0;shortTerm
17;3;3;1;islam;no;2;4;0;shortTerm
